Player,Salary,Year,Level
"Abreu, Jose","$11,666,667",2016,MLB
"Acevedo, Andury","$507,500",2016,MLB
"Ackley, Dustin","$3,200,000",2016,MLB
"Adames, Cristhian","$507,500",2016,MLB
"Adams, Austin","$507,500",2016,MLB
"Adams, Matt","$1,650,000",2016,MLB
"Adrianza, Ehire","$507,500",2016,MLB
"Aguilar, Jesus","$507,500",2016,MLB
"Ahmed, Nick","$507,500",2016,MLB
"Albers, Matt","$2,000,000",2016,MLB
"Alberto, Hanser",,2016,MLB
"Alburquerque, Al","$1,100,000",2016,MLB
"Alcantara, Arismendy",$507500,2016,MLB
"Alcantara, Raul","$507,500",2016,MLB
"Alcantara, Victor",$507500,2016,MLB
"Alexander, Scott","$507,500",2016,MLB
"Alfaro, Jorge","$507,500",2016,MLB
"Allen, Cody","$4,150,000",2016,MLB
"Almonte, Abraham","$507,500",2016,MLB
"Almonte, Miguel","$$$507,500",2016,MLB
"Alonso, Yonder","$2,650,000",2016,MLB
"Altherr, Aaron","$507,500",2016,MLB
"Altuve, Jose","$3,687,500",2016,MLB
"Alvarez, Dariel","$507,500",2016,MLB
"Alvarez, Dario","$507,500",2016,MLB
"Alvarez, Henderson","$4,250,000",2016,MLB
"Alvarez, Jose","$507,500",2016,MLB
"Alvarez, R.J.",no salary data,2016,MLB
"Amarista, Alexi","$1,350,000",2016,MLB
"Anderson, Brett","$15,800,000",2016,MLB
"Anderson, Chase","$507,500",2016,MLB
"Anderson, Cody","$507,500",2016,MLB
"Anderson, Tyler","$$$507,500",2016,MLB
"Andriese, Matt","$507,500",2016,MLB
"Andrus, Elvis","$15,250,000",2016,MLB
"Anna, Dean","$507,500",2016,MLB
"Aoki, Nori","$5,500,000",2016,MLB
"Aplin, Andrew","$507,500",2016,MLB
"Aquino, Jayson","$507,500",2016,MLB
"Araujo, Elvis","$507,500",2016,MLB
"Archer, Chris","$2,916,667",2016,MLB
"Arcia, Orlando","$507,500",2016,MLB
"Arcia, Oswaldo","$507,500",2016,MLB
"Arenado, Nolan","$5,000,000",2016,MLB
"Armstrong, Shawn","$507,500",2016,MLB
"Aro, Jonathan","$507,500",2016,MLB
"Arrieta, Jake","$10,700,000",2016,MLB
"Asche, Cody","$507,500",2016,MLB
"Asher, Alec","$507,500",2016,MLB
"Avila, Alex","$2,500,000",2016,MLB
"Avilan, Luis","$1,390,000",2016,MLB
"Aviles, Mike","$2,000,000",2016,MLB
"Axford, John","$4,500,000",2016,MLB
"Aybar, Erick","$8,750,000",2016,MLB
"Baez, Javier","$507,500",2016,MLB
"Baez, Pedro","$507,500",2016,MLB
"Bailey, Homer","$18,000,000",2016,MLB
"Baker, Dylan","$507,500",2016,MLB
"Bandy, Jett","$507,500",2016,MLB
"Banuelos, Manny","$507,500",2016,MLB
"Barbato, Johnny","$507,500",2016,MLB
"Barnes, Austin","$507,500",2016,MLB
"Barnes, Brandon","$507,500",2016,MLB
"Barnes, Jacob","$507,500",2016,MLB
"Barnes, Matt","$507,500",2016,MLB
"Barnette, Tony","$1,500,000",2016,MLB
"Barney, Darwin","$1,050,000",2016,MLB
"Barnhart, Tucker","$507,500",2016,MLB
"Baron, Steve","$507,500",2016,MLB
"Barraclough, Kyle","$507,500",2016,MLB
"Barrett, Aaron","$507,500",2016,MLB
"Barrett, Jake",,2016,MLB
"Barrios, Yhonathan","$507,500",2016,MLB
"Bassitt, Chris",,2016,MLB
"Bastardo, Antonio","$5,375,000",2016,MLB
"Bauer, Trevor","$507,500",2016,MLB
"Baumann, Buddy","$507,500",2016,MLB
"Bautista, Jose","$14,000,000",2016,MLB
"Beck, Chris","$507,500",2016,MLB
"Beckham, Gordon","$1,250,000",2016,MLB
"Beckham, Tim","$507,500",2016,MLB
"Bedrosian, Cam","$507,500",2016,MLB
"Beeler, Dallas","$507,500",2016,MLB
"Bell, Josh","$507,500",2016,MLB
"Bellatti, Andrew","$507,500",2016,MLB
"Belt, Brandon",,2016,MLB
"Beltran, Carlos","$15,000,000",2016,MLB
"Beltre, Adrian",,2016,MLB
"Benoit, Joaquin","$7,500,000",2016,MLB
"Bergman, Christian","$507,500",2016,MLB
"Bernard, Wynton",no salary data,2016,MLB
"Berry, Tim","$507,500",2016,MLB
"Betances, Dellin","$507,500",2016,MLB
"Bethancourt, Christian","$507,500",2016,MLB
"Bettis, Chad","$507,500",2016,MLB
"Betts, Mookie","$507,500",2016,MLB
"Biagini, Joe","$507,500",2016,MLB
"Biddle, Jesse","$507,500",2016,MLB
"Bird, Greg","$507,500",2016,MLB
"Blach, Ty","$507,500",2016,MLB
"Black, Ray","$507,500",2016,MLB
"Blackburn, Clayton","$507,500",2016,MLB
"Blackmon, Charlie","$3,500,000",2016,MLB
"Blanco, Andres","$1,450,000",2016,MLB
"Blanco, Gregor","$3,900,000",2016,MLB
"Blanton, Joe","$4,000,000",2016,MLB
"Blash, Jabari","$507,500",2016,MLB
"Blazek, Michael","$507,500",2016,MLB
"Blevins, Jerry","$$4,000,000",2016,MLB
"Bogaerts, Xander","$507,500",2016,MLB
"Bolsinger, Mike","$507,500",2016,MLB
"Bonifacio, Emilio",no salary data,2016,MLB
"Bonifacio, Jorge","$507,500",2016,MLB
"Bostick, Chris","$507,500",2016,MLB
"Bour, Justin","$507,500",2016,MLB
"Bourjos, Peter","$$$2,000,000",2016,MLB
"Bourn, Michael","$14,000,000",2016,MLB
"Bowman, Matt","$507,500",2016,MLB
"Boxberger, Brad","$507,500",2016,MLB
"Boyd, Matt","$507,500",2016,MLB
"Brach, Brad","$1,250,000",2016,MLB
"Bracho, Silvino","$507,500",2016,MLB
"Bradley, Archie","$507,500",2016,MLB
"Bradley, Jackie Jr.","$507,500",2016,MLB
"Brantley, Michael","$7,375,000",2016,MLB
"Brantly, Rob","$507,500",2016,MLB
"Braun, Ryan","$20,000,000",2016,MLB
"Brennan, Brandon","$507,500",2016,MLB
"Brentz, Bryce","$507,500",2016,MLB
"Brett, Ryan","$507,500",2016,MLB
"Brice, Austin","$507,500",2016,MLB
"Bridwell, Parker",,2016,MLB
"Brito, Socrates","$507,500",2016,MLB
"Britton, Zach","$6,750,000",2016,MLB
"Broadway, Mike","$507,500",2016,MLB
"Brooks, Aaron","$507,500",2016,MLB
"Brothers, Rex","$1,420,000",2016,MLB
"Brown, Brooks","$507,500",2016,MLB
"Brown, Trevor","$507,500",2016,MLB
"Broxton, Jonathan","$3,750,000",2016,MLB
"Broxton, Keon","$507,500",2016,MLB
"Bruce, Jay","$12,541,667",2016,MLB
"Bryant, Kris","$507,500",2016,MLB
"Buchanan, David","$507,500",2016,MLB
"Buchholz, Clay","$13,000,000",2016,MLB
"Buchter, Ryan","$507,500",2016,MLB
"Bumgarner, Madison","$9,950,000",2016,MLB
"Bundy, Dylan","$507,500",2016,MLB
"Burawa, Danny","$507,500",2016,MLB
"Burgos, Enrique","$507,500",2016,MLB
"Burns, Billy","$507,500",2016,MLB
"Butera, Drew","$1,162,500",2016,MLB
"Butler, Billy","$11,666,667",2016,MLB
"Butler, Eddie","$507,500",2016,MLB
"Butler, Joey","$507,500",2016,MLB
"Buxton, Byron","$507,500",2016,MLB
"Cabrera, Asdrubal","$8,250,000",2016,MLB
"Cabrera, Mauricio","$507,500",2016,MLB
"Cabrera, Melky","$14,000,000",2016,MLB
"Cabrera, Miguel","$28,000,000",2016,MLB
"Cabrera, Ramon","$507,500",2016,MLB
"Cahill, Trevor","$4,250,000",2016,MLB
"Cain, Lorenzo",$6500000,2016,MLB
"Cain, Matt","$20,833,333",2016,MLB
"Calhoun, Kole","$3,400,000",2016,MLB
"Caminero, Arquimedes","$507,500",2016,MLB
"Campbell, Eric","$507,500",2016,MLB
"Campos, Leonel","$$$507,500",2016,MLB
"Campos, Vicente","$507,500",2016,MLB
"Candelario, Jeimer","$507,500",2016,MLB
"Canha, Mark","$507,500",2016,MLB
"Cano, Robinson","$24,000,000",2016,MLB
"Capps, Carter","$987,500",2016,MLB
"Carpenter, Matt","$6,500,000",2016,MLB
"Carrasco, Carlos","$4,500,000",2016,MLB
"Carrera, Ezequiel","$507,500",2016,MLB
"Carroll, Scott","$507,500",2016,MLB
"Carter, Chris",$2500000,2016,MLB
"Casali, Curt","$507,500",2016,MLB
"Cashner, Andrew","$7,150,000",2016,MLB
"Casilla, Santiago","$6,500,000",2016,MLB
"Castellanos, Nick","$507,500",2016,MLB
"Castillo, Rusney","$11,271,429",2016,MLB
"Castillo, Welington","$3,700,000",2016,MLB
"Castro, Daniel","$507,500",2016,MLB
"Castro, Jason","$5,000,000",2016,MLB
"Castro, Miguel","$507,500",2016,MLB
"Castro, Starlin","$7,857,143",2016,MLB
"Cave, Jake",$507500,2016,MLB
"Cecchini, Garin","$507,500",2016,MLB
"Cecil, Brett","$3,800,000",2016,MLB
"Ceciliani, Darrell","$507,500",2016,MLB
"Cedeno, Xavier","$507,500",2016,MLB
"Cervelli, Francisco","$3,500,000",2016,MLB
"Cespedes, Yoenis","$20,833,333",2016,MLB
"Cessa, Luis","$507,500",2016,MLB
"Chafin, Andrew","$507,500",2016,MLB
"Chapman, Aroldis","$11,325,000",2016,MLB
"Chapman, Kevin","$507,500",2016,MLB
"Chargois, J.T.","$507,500",2016,MLB
"Chatwood, Tyler","$1,000,000",2016,MLB
"Chavez, Jesse","$4,000,000",2016,MLB
"Chen, Wei-Yin","$8,600,000",2016,MLB
"Chirinos, Robinson","$1,550,000",2016,MLB
"Chisenhall, Lonnie","$2,725,000",2016,MLB
"Choi, Ji-Man","$507,500",2016,MLB
"Choo, Shin-Soo","$20,000,000",2016,MLB
"Cingrani, Tony","$507,500",2016,MLB
"Cishek, Steve","$4,000,000",2016,MLB
"Claudio, Alex",$507500,2016,MLB
"Clevenger, Steve","$507,500",2016,MLB
"Clevinger, Mike","$507,500",2016,MLB
"Clippard, Tyler","$6,100,000",2016,MLB
"Cobb, Alex","$4,000,000",2016,MLB
"Coghlan, Chris","$4,800,000",2016,MLB
"Colabello, Chris","$507,500",2016,MLB
"Cole, A.J.","$507,500",2016,MLB
"Cole, Gerrit","541,000",2016,MLB
"Coleman, Louis","$750,000",2016,MLB
"Collins, Tim","$1,475,000",2016,MLB
"Collins, Tyler","$507,500",2016,MLB
"Collmenter, Josh","$1,850,000",2016,MLB
"Colome, Alex","$507,500",2016,MLB
"Colon, Bartolo","$7,250,000",2016,MLB
"Colon, Christian","$518,425",2016,MLB
"Conforto, Michael","$507,500",2016,MLB
"Conger, Hank",no salary data,2016,MLB
"Conley, Adam","$507,500",2016,MLB
"Contreras, Carlos","$507,500",2016,MLB
"Contreras, Willson","$507,500",2016,MLB
"Cook, Ryan","$1,100,000",2016,MLB
"Cooney, Tim","$507,500",2016,MLB
"Corbin, Patrick","$2,525,000",2016,MLB
"Cordero, Jimmy","$507,500",2016,MLB
"Correa, Carlos",,2016,MLB
"Cosart, Jarred","$507,500",2016,MLB
"Cotham, Caleb","$507,500",2016,MLB
"Cotton, Jharel","$507,500",2016,MLB
"Cowart, Kaleb","$507,500",2016,MLB
"Cowgill, Collin","$1,000,000",2016,MLB
"Coyle, Sean","$507,500",2016,MLB
"Cozart, Zack",$2925000,2016,MLB
"Craig, Allen","$9,000,000",2016,MLB
"Cravy, Tyler","$507,500",2016,MLB
"Crawford, Brandon","$6,000,000",2016,MLB
"Crawford, Carl","$21,607,143",2016,MLB
"Crick, Kyle","$507,500",2016,MLB
"Crisp, Covelli","$11,000,000",2016,MLB
"Crockett, Kyle","$507,500",2016,MLB
"Cron, C.J.","$507,500",2016,MLB
"Cruz, Nelson","$14,250,000",2016,MLB
"Cruz, Tony","$507,500",2016,MLB
"Cueto, Johnny","$15,833,333",2016,MLB
"Cunningham, Todd","$507,500",2016,MLB
"Cuthbert, Cheslor","$507,500",2016,MLB
"d'Arnaud, Travis","$507,500",2016,MLB
"Danks, John","$15,750,000",2016,MLB
"Darvish, Yu","$10,000,000",2016,MLB
"Davidson, Matt","$507,500",2016,MLB
"Davies, Zach","$507,500",2016,MLB
"Davis, Chris","$21,118,782",2016,MLB
"Davis, Khris","$507,500",2016,MLB
"Davis, Rajai","$5,250,000",2016,MLB
"Davis, Rookie","$507,500",2016,MLB
"Davis, Wade","$8,000,000",2016,MLB
"De Aza, Alejandro",,2016,MLB
"De Fratus, Justin","$750,000",2016,MLB
"De La Rosa, Jorge","$12,500,000",2016,MLB
"De La Rosa, Rubby","$2,350,000",2016,MLB
"De Los Santos, Abel","$507,500",2016,MLB
"Dean, Pat","$507,500",2016,MLB
"deGrom, Jacob","$607,000",2016,MLB
"DeJesus Jr., Ivan","$507,500",2016,MLB
"Delabar, Steve","$835,000",2016,MLB
"Delgado, Randall","$1,275,000",2016,MLB
"den Dekker, Matt","$507,500",2016,MLB
"Descalso, Daniel","$2,100,000",2016,MLB
"DeSclafani, Anthony","$507,500",2016,MLB
"DeShields Jr., Delino","$517,130",2016,MLB
"Desmond, Ian","$8,000,000",2016,MLB
"Despaigne, Odrisamer","$507,500",2016,MLB
"Diaz, Aledmys","$2,500,000",2016,MLB
"Diaz, Elias","$507,500",2016,MLB
"Diaz, Jairo","$507,500",2016,MLB
"Diaz, Jumbo","$$$507,500",2016,MLB
"Dickerson, Alex","$507,500",2016,MLB
"Dickerson, Corey","$507,500",2016,MLB
"Dickey, R.A.",,2016,MLB
"Diekman, Jake","$1,255,000",2016,MLB
"Dietrich, Derek","$507,500",2016,MLB
"Difo, Wilmer","$507,500",2016,MLB
"Dominguez, Matt","$507,500",2016,MLB
"Donaldson, Josh","$11,650,000",2016,MLB
"Doolittle, Sean","$1,580,000",2016,MLB
"Doubront, Felix","$2,000,000",2016,MLB
"Dozier, Brian","$3,000,000",2016,MLB
"Dragmire, Brady","$507,500",2016,MLB
"Drake, Oliver","$$507,500",2016,MLB
"Drew, Stephen","$3,000,000",2016,MLB
"Drury, Brandon","$507,500",2016,MLB
"Duda, Lucas","$6,725,000",2016,MLB
"Duffey, Tyler","$507,500",2016,MLB
"Duffy, Danny","$4,225,000",2016,MLB
"Duffy, Matt","$$507,500",2016,MLB
"Duffy, Matt","$507,500",2016,MLB
"Duke, Zach","$5,000,000",2016,MLB
"Dull, Ryan","$507,500",2016,MLB
"Dunn, Michael","$3,450,000",2016,MLB
"Duran, Juan","$507,500",2016,MLB
"Duvall, Adam","$507,500",2016,MLB
"Dyson, Jarrod","$1,725,000",2016,MLB
"Dyson, Sam",,2016,MLB
"Eaton, Adam","$2,750,000",2016,MLB
"Edgin, Josh","$625,000",2016,MLB
"Edwards, Carl","$507,500",2016,MLB
"Edwards, Jon","$507,500",2016,MLB
"Eibner, Brett","$507,500",2016,MLB
"Eickhoff, Jerad","$507,500",2016,MLB
"Elias, Roenis","$507,500",2016,MLB
"Ellington, Brian","$507,500",2016,MLB
"Ellis, A.J.","$4,500,000",2016,MLB
"Ellsbury, Jacoby","$21,142,857",2016,MLB
"Encarnacion, Edwin","$$$10,000,000",2016,MLB
"Eovaldi, Nate","$5,600,000",2016,MLB
"Erlin, Robbie","$507,500",2016,MLB
"Esch, Jacob","$507,500",2016,MLB
"Escobar, Alcides","$5,250,000",2016,MLB
"Escobar, Eduardo",$2150000,2016,MLB
"Escobar, Edwin","$507,500",2016,MLB
"Escobar, Yunel","$7,000,000",2016,MLB
"Espinosa, Danny","$2,875,000",2016,MLB
"Estevez, Carlos","$507,500",2016,MLB
"Estrada, Marco","$11,500,000",2016,MLB
"Ethier, Andre",$18000000,2016,MLB
"Familia, Jeurys","$4,100,000",2016,MLB
"Faria, Jacob","$507,500",2016,MLB
"Farmer, Buck","$507,500",2016,MLB
"Farquhar, Danny","$507,500",2016,MLB
"Faulkner, Andrew","$507,500",2016,MLB
"Featherston, Taylor","$507,500",2016,MLB
"Feldman, Scott","$$8,000,000",2016,MLB
"Feliz, Michael","$507,500",2016,MLB
"Feliz, Neftali","$3,900,000",2016,MLB
"Fernandez, Jose","$2,800,000",2016,MLB
"Ferrell, Jeff","$507,500",2016,MLB
"Fielder, Prince","$24,000,000",2016,MLB
"Fields, Daniel","$507,500",2016,MLB
"Fields, Josh","$900,000",2016,MLB
"Fien, Casey",no salary data,2016,MLB
"Fiers, Michael","$507,500",2016,MLB
"Finnegan, Brandon","$507,500",2016,MLB
"Fister, Doug","$7,000,000",2016,MLB
"Flaherty, Ryan","$1,500,000",2016,MLB
"Flores, Kendry","$507,500",2016,MLB
"Flores, Ramon","$507,500",2016,MLB
"Flores, Wilmer","$507,500",2016,MLB
"Florimon Jr, Pedro","$507,500",2016,MLB
"Flowers, Tyler","$2,000,000",2016,MLB
"Floyd, Gavin","$1,000,000",2016,MLB
"Flynn, Brian","$507,500",2016,MLB
"Foltynewicz, Mike","$507,500",2016,MLB
"Fontana, Nolan","$507,500",2016,MLB
"Forsythe, Logan",$2250000,2016,MLB
"Fowler, Dexter","$8,000,000",2016,MLB
"Franco, Maikel","$507,500",2016,MLB
"Franklin, Nick","$507,500",2016,MLB
"Frazier, Todd","$8,250,000",2016,MLB
"Freeman, Freddie","$12,359,375",2016,MLB
"Freeman, Sam","$520,700",2016,MLB
"Frias, Carlos","$507,500",2016,MLB
"Fuentes, Reymond","$507,500",2016,MLB
"Fuld, Sam","$1,925,000",2016,MLB
"Fulmer, Michael","$507,500",2016,MLB
"Furbush, Charlie","$1,600,000",2016,MLB
"Gallardo, Yovani","$9,000,000",2016,MLB
"Gallo, Joey","$507,500",2016,MLB
"Galvis, Freddy","$2,000,000",2016,MLB
"Gamel, Ben","$507,500",2016,MLB
"Gant, John","$507,500",2016,MLB
"Garcia, Adonis","$507,500",2016,MLB
"Garcia, Anthony","$507,500",2016,MLB
"Garcia, Avisail","$2,100,000",2016,MLB
"Garcia, Greg","$507,500",2016,MLB
"Garcia, Jaime","$11,500,000",2016,MLB
"Garcia, Jarlin","$507,500",2016,MLB
"Garcia, Jason","$507,500",2016,MLB
"Garcia, Leury","$507,500",2016,MLB
"Garcia, Luis","$$$507,500",2016,MLB
"Garcia, Willy","$507,500",2016,MLB
"Garcia, Yimi","$507,500",2016,MLB
"Gardeck, Ian","$507,500",2016,MLB
"Gardner, Brett","$13,500,000",2016,MLB
"Garneau, Dustin","$507,500",2016,MLB
"Garrett, Amir","$507,500",2016,MLB
"Garza, Matt","$12,500,000",2016,MLB
"Gattis, Evan","$3,300,000",2016,MLB
"Gausman, Kevin","$507,500",2016,MLB
"Gearrin, Cory","$507,500",2016,MLB
"Geltz, Steve","$507,500",2016,MLB
"Gennett, Scooter","$507,500",2016,MLB
"Gentry, Craig","$1,000,000",2016,MLB
"Giavotella, Johnny","$507,500",2016,MLB
"Gibson, Kyle","$507,500",2016,MLB
"Giles, Ken","$507,500",2016,MLB
"Gillespie, Cole","$507,500",2016,MLB
"Gilmartin, Sean","$507,500",2016,MLB
"Gimenez, Chris","$975,000",2016,MLB
"Givens, Mychal","$507,500",2016,MLB
"Glasnow, Tyler","$507,500",2016,MLB
"Godley, Zack","$507,500",2016,MLB
"Goebbert, Jake","$507,500",2016,MLB
"Goeddel, Erik","$507,500",2016,MLB
"Goeddel, Tyler","$507,500",2016,MLB
"Goforth, David","$507,500",2016,MLB
"Goins, Ryan","$507,500",2016,MLB
"Goldschmidt, Paul","$5,850,000",2016,MLB
"Gomes, Yan","$2,583,333",2016,MLB
"Gomez, Carlos","$9,000,000",2016,MLB
"Gomez, Jeanmar","$1,400,000",2016,MLB
"Gonzales, Marco","$507,500",2016,MLB
"Gonzalez, Adrian","$21,857,143",2016,MLB
"Gonzalez, Alfredo","$507,500",2016,MLB
"Gonzalez, Carlos","$17,428,571",2016,MLB
"Gonzalez, Chi Chi","$507,500",2016,MLB
"Gonzalez, Erik","$507,500",2016,MLB
"Gonzalez, Gio","$12,100,000",2016,MLB
"Gonzalez, Marwin","$2,000,000",2016,MLB
"Gonzalez, Miguel","$5,100,000",2016,MLB
"Gonzalez, Severino","$507,500",2016,MLB
"Goodwin, Brian","$507,500",2016,MLB
"Goody, Nick","$507,500",2016,MLB
"Gordon, Alex","$12,000,000",2016,MLB
"Gordon, Dee","3,300,000",2016,MLB
"Gore, Terrance","$507,500",2016,MLB
"Gose, Anthony","$$507,500",2016,MLB
"Gosewisch, Tuffy","$507,500",2016,MLB
"Gosselin, Phil",$507500,2016,MLB
"Gott, Trevor","$507,500",2016,MLB
"Grace, Matt","$507,500",2016,MLB
"Graham, J.R.","$507,500",2016,MLB
"Grandal, Yasmani","$$$2,800,000",2016,MLB
"Granderson, Curtis","$16,000,000",2016,MLB
"Graveman, Kendall","$507,500",2016,MLB
"Gray, Jonathan","$507,500",2016,MLB
"Gray, Sonny","$507,500",2016,MLB
"Greene, Shane","$507,500",2016,MLB
"Gregerson, Luke","$6,250,000",2016,MLB
"Gregorio, Joan","$507,500",2016,MLB
"Gregorius, Didi","2,425,000",2016,MLB
"Greinke, Zack","$34,000,000",2016,MLB
"Grichuk, Randal",no salary data,2016,MLB
"Grilli, Jason","$3,500,000",2016,MLB
"Grimm, Justin","$1,275,000",2016,MLB
"Gsellman, Robert","$507,500",2016,MLB
"Guaipe, Mayckol","$507,500",2016,MLB
"Guerra, Deolis","$507,500",2016,MLB
"Guerra, Junior","$507,500",2016,MLB
"Guerrero, Alexander","$7,500,000",2016,MLB
"Guerrero, Gabby","$507,500",2016,MLB
"Guerrero, Tayron","$507,500",2016,MLB
"Guerrieri, Taylor",$507500,2016,MLB
"Gustave, Jandel","$507,500",2016,MLB
"Gutierrez, Franklin","$1,500,000",2016,MLB
"Guyer, Brandon","$1,185,000",2016,MLB
"Gyorko, Jedd","$4,000,000",2016,MLB
"Hahn, Jesse","$507,500",2016,MLB
"Hale, David","$507,500",2016,MLB
"Haley, Trey","$507,500",2016,MLB
"Hall, Cody","$507,500",2016,MLB
"Hamels, Cole","$23,500,000",2016,MLB
"Hamilton, Billy","$507,500",2016,MLB
"Hamilton, Josh","$28,410,000",2016,MLB
"Hammel, Jason","$9,000,000",2016,MLB
"Hand, Brad","$507,500",2016,MLB
"Hanigan, Ryan","$3,700,000",2016,MLB
"Hanson, Alen","$507,500",2016,MLB
"Happ, J.A.","$10,000,000",2016,MLB
"Hardy, Blaine","$507,500",2016,MLB
"Hardy, J.J.",,2016,MLB
"Harper, Bryce","$5,000,000",2016,MLB
"Harris, Mitch","$507,500",2016,MLB
"Harris, Will","$507,500",2016,MLB
"Harrison, Josh","$5,250,000",2016,MLB
"Harrison, Matt","$13,200,000",2016,MLB
"Harvey, Matt","$4,325,000",2016,MLB
"Hatcher, Chris","$1,065,000",2016,MLB
"Headley, Chase","$13,000,000",2016,MLB
"Heaney, Andrew","$507,500",2016,MLB
"Heathcott, Slade","$507,500",2016,MLB
"Hechavarria, Adeiny","$2,625,000",2016,MLB
"Hedges, Austin","$507,500",2016,MLB
"Hellickson, Jeremy","$7,000,000",2016,MLB
"Hembree, Heath","$507,500",2016,MLB
"Hendricks, Kyle","$507,500",2016,MLB
"Hendriks, Liam","$507,500",2016,MLB
"Heredia, Guillermo","$507,500",2016,MLB
"Hernandez, Cesar","$507,500",2016,MLB
"Hernandez, David","$3,900,000",2016,MLB
"Hernandez, Enrique","$507,500",2016,MLB
"Hernandez, Felix",,2016,MLB
"Hernandez, Marco","$507,500",2016,MLB
"Hernandez, Oscar","$507,500",2016,MLB
"Herrera, Dilson","$507,500",2016,MLB
"Herrera, Kelvin","$2,550,000",2016,MLB
"Herrera, Odubel","$$507,500",2016,MLB
"Herrmann, Chris","$507,500",2016,MLB
"Hessler, Keith",,2016,MLB
"Heston, Chris","$507,500",2016,MLB
"Heyward, Jason","$17,500,000",2016,MLB
"Hicks, Aaron","$507,500",2016,MLB
"Hicks, John","$507,500",2016,MLB
"Hill, Aaron","$12,000,000",2016,MLB
"Hill, Rich","$6,000,000",2016,MLB
"Hinojosa, Dalier","$507,500",2016,MLB
"Hochevar, Luke","$5,500,000",2016,MLB
"Holaday, Bryan","$507,500",2016,MLB
"Holdzkom, John","$507,500",2016,MLB
"Holland, Derek","$10,000,000",2016,MLB
"Hollands, Mario","$507,500",2016,MLB
"Holliday, Matt","$$17,000,000",2016,MLB
"Holt, Brock","$507,500",2016,MLB
"Holt, Tyler","$507,500",2016,MLB
"Hoover, J.J.","$1,400,000",2016,MLB
"Hosmer, Eric","$8,250,000",2016,MLB
"House, T.J.","$507,500",2016,MLB
"Houser, Adrian","$507,500",2016,MLB
"Howard, Ryan","$25,000,000",2016,MLB
"Howell, J.P.","$6,250,000",2016,MLB
"Hudson, Daniel","$$$2,700,000",2016,MLB
"Hughes, Jared","$2,175,000",2016,MLB
"Hughes, Phil","$9,200,000",2016,MLB
"Hundley, Nick","3,150,000",2016,MLB
"Hunter, Tommy",$2000000,2016,MLB
"Hutchison, Drew","$2,200,000",2016,MLB
"Iannetta, Chris","$4,250,000",2016,MLB
"Iglesias, Jose","$2,100,000",2016,MLB
"Iglesias, Raisel","$3,214,286",2016,MLB
"Inciarte, Ender","$507,500",2016,MLB
"Infante, Omar","$7,750,000",2016,MLB
"Iwakuma, Hisashi","$11,000,000",2016,MLB
"Jackson, Austin","$5,000,000",2016,MLB
"Jackson, Edwin","$13,000,000",2016,MLB
"Jackson, Luke","$507,500",2016,MLB
"Jankowski, Travis","$507,500",2016,MLB
"Jansen, Kenley","$10,650,000",2016,MLB
"Jaso, John","$4,000,000",2016,MLB
"Jay, Jon","$6,850,000",2016,MLB
"Jeffress, Jeremy","$507,500",2016,MLB
"Jenkins, Tyrell","$507,500",2016,MLB
"Jennings, Dan","$810,000",2016,MLB
"Jennings, Desmond","$3,300,000",2016,MLB
"Jepsen, Kevin","$5,312,500",2016,MLB
"Jerez, Williams","$507,500",2016,MLB
"Jimenez, A.J.","$507,500",2016,MLB
"Jimenez, Ubaldo","$13,000,000",2016,MLB
"Johnson, Brian","$507,500",2016,MLB
"Johnson, Chris","$7,500,000",2016,MLB
"Johnson, Erik","$507,500",2016,MLB
"Johnson, Jim","$2,500,000",2016,MLB
"Johnson, Kelly","$2,000,000",2016,MLB
"Johnson, Micah",$507500,2016,MLB
"Johnson, Pierce","$507,500",2016,MLB
"Johnson, Stephen","$507,500",2016,MLB
"Jokisch, Eric","$507,500",2016,MLB
"Jones, Adam","$16,333,333",2016,MLB
"Jones, Chris","$507,500",2016,MLB
"Jones, Nate","$900,000",2016,MLB
"Jones, Zach","$507,500",2016,MLB
"Jordan, Taylor","$507,500",2016,MLB
"Joseph, Caleb","$507,500",2016,MLB
"Jungmann, Taylor","$507,500",2016,MLB
"Kahnle, Tommy","$507,500",2016,MLB
"Kang, Jung-Ho","$2,500,000",2016,MLB
"Karns, Nate","$507,500",2016,MLB
"Kazmir, Scott","$12,666,667",2016,MLB
"Kela, Keone",,2016,MLB
"Kelley, Shawn","$4,000,000",2016,MLB
"Kelly, Casey","$507,500",2016,MLB
"Kelly, Joe","$2,600,000",2016,MLB
"Kemp, Matt","$21,750,000",2016,MLB
"Kendrick, Howie","$10,000,000",2016,MLB
"Kennedy, Ian","$7,500,000",2016,MLB
"Kepler, Max","$507,500",2016,MLB
"Kershaw, Clayton","$34,571,429",2016,MLB
"Keuchel, Dallas","$7,250,000",2016,MLB
"Kieboom, Spencer","$507,500",2016,MLB
"Kiekhefer, Dean","$507,500",2016,MLB
"Kiermaier, Kevin","$507,500",2016,MLB
"Kim, Hyun-soo","$2,800,000",2016,MLB
"Kimbrel, Craig","$11,250,000",2016,MLB
"Kingham, Nick","$507,500",2016,MLB
"Kinsler, Ian","$14,000,000",2016,MLB
"Kipnis, Jason","6,166,667",2016,MLB
"Kivlehan, Patrick","507,500",2016,MLB
"Klein, Phil","$507,500",2016,MLB
"Kluber, Corey","$4,700,000",2016,MLB
"Knebel, Corey","$507,500",2016,MLB
"Koch, Matt","$507,500",2016,MLB
"Koehler, Tom","$3,500,000",2016,MLB
"Kontos, George","$1,150,000",2016,MLB
"Krol, Ian","507,500",2016,MLB
"Kubitza, Kyle","$507,500",2016,MLB
"La Stella, Tommy","$507,500",2016,MLB
"Labourt, Jairo","$507,500",2016,MLB
"Lackey, John","$16,000,000",2016,MLB
"Ladendorf, Tyler","$507,500",2016,MLB
"Lagares, Juan","$2,500,000",2016,MLB
"Lake, Junior","$507,500",2016,MLB
"Lamb, Jake","$507,500",2016,MLB
"Lamb, John","$507,500",2016,MLB
"Lambo, Andrew","$507,500",2016,MLB
"Landa, Yorman",,2016,MLB
"LaRoche, Adam","$13,000,000",2016,MLB
"Latos, Mat","$3,000,000",2016,MLB
"Law, Derek","$507,500",2016,MLB
"Lawrie, Brett","$4,125,000",2016,MLB
"Layne, Tommy","$507,500",2016,MLB
"Lazo, Raudel","$507,500",2016,MLB
"Leake, Mike","12,000,000",2016,MLB
"Leclerc, Jose","$507,500",2016,MLB
"Lee, Chris","$507,500",2016,MLB
"Lee, Nick","$507,500",2016,MLB
"Lee, Zach","$507,500",2016,MLB
"LeMahieu, D.J.","$3,000,000",2016,MLB
"Leon, Arnold","$507,500",2016,MLB
"Leone, Dominic","$507,500",2016,MLB
"Lester, Jon","$25,000,000",2016,MLB
"Lewis, Colby","$6,000,000",2016,MLB
"Liberatore, Adam","$507,500",2016,MLB
"Light, Pat","$507,500",2016,MLB
"Lind, Adam","$$$8,000,000",2016,MLB
"Lindgren, Jacob","$507,500",2016,MLB
"Lindor, Francisco",,2016,MLB
"Liriano, Francisco","$13,666,667",2016,MLB
"Liriano, Rymer","$507,500",2016,MLB
"Lobaton, Jose","$1,387,500",2016,MLB
"Lobstein, Kyle","$507,500",2016,MLB
"Locke, Jeff","$3,025,000",2016,MLB
"Logan, Boone","$6,250,000",2016,MLB
"Loney, James","$9,666,667",2016,MLB
"Longoria, Evan","$12,100,000",2016,MLB
"Lopez, Javier","$5,000,000",2016,MLB
"Lopez, Jorge","$507,500",2016,MLB
"Lorenzen, Michael","$507,500",2016,MLB
"Loup, Aaron","$1,050,000",2016,MLB
"Lowe, Mark","$5,500,000",2016,MLB
"Lowrie, Jed","$7,500,000",2016,MLB
"Lucroy, Jonathan","$4,350,000",2016,MLB
"Lugo, Seth","$507,500",2016,MLB
"Lyles, Jordan","$2,975,000",2016,MLB
"Lynn, Lance","$7,500,000",2016,MLB
"Lyons, Tyler","$507,500",2016,MLB
"Machado, Dixon","$507,500",2016,MLB
"Machado, Manny","$$5,000,000",2016,MLB
"Madson, Ryan","$6,666,667",2016,MLB
"Maeda, Kenta","$3,125,000",2016,MLB
"Magnifico, Damien","$507,500",2016,MLB
"Mahtook, Mikie","$507,500",2016,MLB
"Maile, Luke","$507,500",2016,MLB
"Maldonado, Martin","$1,125,000",2016,MLB
"Maness, Seth","$1,400,000",2016,MLB
"Manship, Jeff","$760,000",2016,MLB
"Margot, Manuel","$507,500",2016,MLB
"Mariot, Michael","$507,500",2016,MLB
"Marisnick, Jake","$507,500",2016,MLB
"Markakis, Nick","$11,000,000",2016,MLB
"Marksberry, Matt","$507,500",2016,MLB
"Marquez, German","$507,500",2016,MLB
"Marrero, Deven","$507,500",2016,MLB
"Marshall, Evan","$507,500",2016,MLB
"Marte, Jefry","$507,500",2016,MLB
"Marte, Ketel","$$$507,500",2016,MLB
"Marte, Starling","$$$3,333,333",2016,MLB
"Martin, Cody","$507,500",2016,MLB
"Martin, Josh",,2016,MLB
"Martin, Leonys","$4,150,000",2016,MLB
"Martin, Rafael","$507,500",2016,MLB
"Martin, Russell","$15,000,000",2016,MLB
"Martinez, Carlos","$507,500",2016,MLB
"Martinez, J.D.","$6,750,000",2016,MLB
"Martinez, Jose","$507,500",2016,MLB
"Martinez, Nick","$519,190",2016,MLB
"Martinez, Victor","$18,000,000",2016,MLB
"Mathis, Jeff","$1,500,000",2016,MLB
"Matusz, Brian","$3,900,000",2016,MLB
"Matz, Steven","$507,500",2016,MLB
"Matzek, Tyler","$507,500",2016,MLB
"Mauer, Joe","$23,000,000",2016,MLB
"Maurer, Brandon","$507,500",2016,MLB
"May, Trevor","$507,500",2016,MLB
"Maybin, Cameron","$8,100,000",2016,MLB
"Mazara, Nomar","$507,500",2016,MLB
"Mazzoni, Cory","$507,500",2016,MLB
"McAllister, Zach",$1300000,2016,MLB
"McCann, Brian","$17,000,000",2016,MLB
"McCann, James",,2016,MLB
"McCarthy, Brandon","$12,500,000",2016,MLB
"McCullers Jr., Lance","$507,500",2016,MLB
"McCutchen, Andrew","$13,208,333",2016,MLB
"McFarland, Blake","$507,500",2016,MLB
"McFarland, T.J.","$507,500",2016,MLB
"McGee, Jake","$4,800,000",2016,MLB
"McGough, Scott","$507,500",2016,MLB
"McHugh, Collin","$507,500",2016,MLB
"McKirahan, Andrew","$507,500",2016,MLB
"Medlen, Kris","$5,500,000",2016,MLB
"Mejia, Adalberto",no salary data,2016,MLB
"Mejia, Jenrry",no salary data,2016,MLB
"Melancon, Mark","$9,650,000",2016,MLB
"Melotakis, Mason","$507,500",2016,MLB
"Mendez, Yohander","$507,500",2016,MLB
"Mercer, Jordy","$2,075,000",2016,MLB
"Merritt, Ryan","$507,500",2016,MLB
"Mesoraco, Devin","$5,025,000",2016,MLB
"Meyer, Alex","$507,500",2016,MLB
"Miley, Wade","$6,166,667",2016,MLB
"Miller, Andrew","$9,000,000",2016,MLB
"Miller, Brad","$507,500",2016,MLB
"Miller, Justin","$507,500",2016,MLB
"Miller, Shelby","$4,350,000",2016,MLB
"Mills, Alec","$507,500",2016,MLB
"Milone, Tom","$4,500,000",2016,MLB
"Minaya, Juan","$507,500",2016,MLB
"Minor, Mike","$2,000,000",2016,MLB
"Mitchell, Bryan","$507,500",2016,MLB
"Molina, Yadier","$14,200,000",2016,MLB
"Mondesi, Raul Adalberto","$507,500",2016,MLB
"Montas, Frankie","$$$507,500",2016,MLB
"Montero, Jesus","$507,500",2016,MLB
"Montero, Miguel","$14,000,000",2016,MLB
"Montero, Rafael","$507,500",2016,MLB
"Montgomery, Mike","$507,500",2016,MLB
"Moore, Matt","$5,100,000",2016,MLB
"Moore, Tyler","$900,000",2016,MLB
"Morales, Kendrys","$9,000,000",2016,MLB
"Moreland, Mitch","$5,700,000",2016,MLB
"Morgan, Adam","$507,500",2016,MLB
"Morimando, Shawn","$507,500",2016,MLB
"Morin, Mike","$507,500",2016,MLB
"Moroff, Max","$507,500",2016,MLB
"Morris, Akeel","$507,500",2016,MLB
"Morris, Bryan",no salary data,2016,MLB
"Morrison, Logan","$$$4,200,000",2016,MLB
"Morse, Michael","$8,500,000",2016,MLB
"Morton, Charlie","$$8,000,000",2016,MLB
"Moscot, Jon","$507,500",2016,MLB
"Moss, Brandon","$8,250,000",2016,MLB
"Motte, Jason","$5,000,000",2016,MLB
"Motter, Taylor","$507,500",2016,MLB
"Moustakas, Mike","$5,600,000",2016,MLB
"Moya, Steven","$507,500",2016,MLB
"Muncy, Max","$507,500",2016,MLB
"Murphy, Daniel","$8,000,000",2016,MLB
"Murphy, John Ryan","$507,500",2016,MLB
"Murphy, Tom","$507,500",2016,MLB
"Murray, Colton","$$507,500",2016,MLB
"Musgrove, Joe","$507,500",2016,MLB
"Myers, Wil","$507,500",2016,MLB
"Napoli, Mike","$7,000,000",2016,MLB
"Naquin, Taylor","$507,500",2016,MLB
"Nava, Daniel","$1,375,000",2016,MLB
"Navarro, Dioner","$4,000,000",2016,MLB
"Navarro, Rey","$507,500",2016,MLB
"Nelson, Jimmy","$507,500",2016,MLB
"Neris, Hector","$507,500",2016,MLB
"Nesbitt, Angel","$507,500",2016,MLB
"Neshek, Pat","$6,500,000",2016,MLB
"Ngoepe, Gift","$507,500",2016,MLB
"Nicasio, Juan","$3,000,000",2016,MLB
"Nicolino, Justin","$507,500",2016,MLB
"Niese, Jon","$9,050,000",2016,MLB
"Nieuwenhuis, Kirk","$507,500",2016,MLB
"Nimmo, Brandon","$507,500",2016,MLB
"Nola, Aaron","$507,500",2016,MLB
"Nolasco, Ricky","$12,000,000",2016,MLB
"Nolin, Sean","$507,500",2016,MLB
"Norris, Bud","$2,500,000",2016,MLB
"Norris, Daniel","$507,500",2016,MLB
"Norris, Derek","$2,925,000",2016,MLB
"Nova, Ivan","$4,100,000",2016,MLB
"Nunez, Eduardo","$1,475,000",2016,MLB
"Nunez, Renato","$507,500",2016,MLB
"Nuno, Vidal","$$$507,500",2016,MLB
"O'Brien, Pete","$507,500",2016,MLB
"O'Conner, Justin","$507,500",2016,MLB
"O'Day, Darren","$6,000,000",2016,MLB
"O'Grady, Chris","$507,500",2016,MLB
"O'Malley, Shawn","$507,500",2016,MLB
"O'Rourke, Ryan","$507,500",2016,MLB
"Oberg, Scott","$$$507,500",2016,MLB
"Oberholtzer, Brett","$507,500",2016,MLB
"Odor, Rougned","$522,700",2016,MLB
"Odorizzi, Jake","$507,500",2016,MLB
"Ogando, Nefi","$507,500",2016,MLB
"Oh, Seung-hwan","$5,000,000",2016,MLB
"Ohlman, Michael","$507,500",2016,MLB
"Okert, Steven","$507,500",2016,MLB
"Olivera, Hector","$8,666,666",2016,MLB
"Olson, Tyler","$507,500",2016,MLB
"Oretga, Rafael","$507,500",2016,MLB
"Orlando, Paulo","$514,250",2016,MLB
"Ortiz, David","$16,000,000",2016,MLB
"Osich, Josh","$507,500",2016,MLB
"Osuna, Roberto","$507,500",2016,MLB
"Otero, Danny","$507,500",2016,MLB
"Ottavino, Adam","$1,300,000",2016,MLB
"Owens, Henry","$507,500",2016,MLB
"Owings, Chris","$507,500",2016,MLB
"Ozuna, Marcell","$507,500",2016,MLB
"Pagan, Angel","$11,250,000",2016,MLB
"Panik, Joe",,2016,MLB
"Papelbon, Jonathan","$11,000,000",2016,MLB
"Paredes, Jimmy","$507,500",2016,MLB
"Park, Byung Ho","$2,750,000",2016,MLB
"Parker, Jarrett","$507,500",2016,MLB
"Parker, Jarrod","$850,000",2016,MLB
"Parra, Gerardo","$8,000,000",2016,MLB
"Patton, Spencer","$507,500",2016,MLB
"Paulino, David","$507,500",2016,MLB
"Paulsen, Ben","$507,500",2016,MLB
"Paxton, James","$507,500",2016,MLB
"Pazos, James","$507,500",2016,MLB
"Peacock, Brad","$507,500",2016,MLB
"Pearce, Steve","$4,750,000",2016,MLB
"Peavy, Jake","$15,000,000",2016,MLB
"Pederson, Joc","$507,500",2016,MLB
"Pedroia, Dustin","$13,125,000",2016,MLB
"Pelfrey, Mike","$$$8,000,000",2016,MLB
"Pena, Ariel","$507,500",2016,MLB
"Pena, Brayan","$$$2,500,000",2016,MLB
"Pena, Francisco","$507,500",2016,MLB
"Pence, Hunter","$18,500,000",2016,MLB
"Pennington, Cliff","$1,500,000",2016,MLB
"Peralta, David","$507,500",2016,MLB
"Peralta, Jhonny","$12,500,000",2016,MLB
"Peralta, Wily","$2,800,000",2016,MLB
"Peraza, Jose","$507,500",2016,MLB
"Perdomo, Luis","$507,500",2016,MLB
"Perez, Carlos","$507,500",2016,MLB
"Perez, Martin","$3,150,000",2016,MLB
"Perez, Oliver","$3,000,000",2016,MLB
"Perez, Roberto","$507,500",2016,MLB
"Perez, Salvador","$2,000,000",2016,MLB
"Perez, Williams","$507,500",2016,MLB
"Perkins, Glen","$6,300,000",2016,MLB
"Peterson, Jace","$$$507,500",2016,MLB
"Petit, Yusmeiro","$2,500,000",2016,MLB
"Petricka, Jake","$507,500",2016,MLB
"Pham, Tommy","$507,500",2016,MLB
"Phegley, Josh","$507,500",2016,MLB
"Phelps, David","$2,500,000",2016,MLB
"Phillips, Brandon","$13,000,000",2016,MLB
"Phillips, Zach","$507,500",2016,MLB
"Pierzynski, A.J.","$3,000,000",2016,MLB
"Pillar, Kevin","$507,500",2016,MLB
"Pinder, Branden","$507,500",2016,MLB
"Pineda, Michael","$4,300,000",2016,MLB
"Pirela, Jose","$507,500",2016,MLB
"Piscotty, Stephen","507,500",2016,MLB
"Plawecki, Kevin","$507,500",2016,MLB
"Plouffe, Trevor","$7,250,000",2016,MLB
"Polanco, Gregory","$507,500",2016,MLB
"Polanco, Jorge","$507,500",2016,MLB
"Pollock, A.J.","$3,500,000",2016,MLB
"Pomeranz, Drew","$1,350,000",2016,MLB
"Pompey, Dalton","$507,500",2016,MLB
"Porcello, Rick","$$20,125,000",2016,MLB
"Posey, Buster","$20,777,777",2016,MLB
"Powell, Boog","$507,500",2016,MLB
"Prado, Martin","$$$11,000,000",2016,MLB
"Pressly, Ryan","$507,500",2016,MLB
"Price, David","$30,000,000",2016,MLB
"Profar, Jurickson","$605,000",2016,MLB
"Puig, Yasiel","$7,214,286",2016,MLB
"Pujols, Albert","$25,000,000",2016,MLB
"Putnam, Zach","$975,000",2016,MLB
"Quackenbush, Kevin",$507500,2016,MLB
"Qualls, Chad","$2,250,000",2016,MLB
"Quinn, Roman",,2016,MLB
"Quintana, Jose","$5,400,000",2016,MLB
"Ramirez, Alexei","$3,000,000",2016,MLB
"Ramirez, Erasmo",no salary data,2016,MLB
"Ramirez, Hanley","$22,750,000",2016,MLB
"Ramirez, Harold","$507,500",2016,MLB
"Ramirez, Jose","$507,500",2016,MLB
"Ramirez, Jose A.","$507,500",2016,MLB
"Ramirez, Neil",$507500,2016,MLB
"Ramirez, Noe","$507,500",2016,MLB
"Ramos, A.J.","$3,400,000",2016,MLB
"Ramos, Edubray","$507,500",2016,MLB
"Ramos, Wilson","$5,350,000",2016,MLB
"Ramsey, James","$507,500",2016,MLB
"Ranaudo, Anthony","$507,500",2016,MLB
"Rasmus, Colby","$15,800,000",2016,MLB
"Rasmus, Cory","$507,500",2016,MLB
"Rasmussen, Rob","$507,500",2016,MLB
"Ravelo, Rangel","$507,500",2016,MLB
"Ravin, Josh","$507,500",2016,MLB
"Ray, Robbie","$507,500",2016,MLB
"Rea, Colin","$507,500",2016,MLB
"Realmuto, J.T.","$507,500",2016,MLB
"Reddick, Josh","$6,575,000",2016,MLB
"Reed, Addison",,2016,MLB
"Reed, Michael","$$507,500",2016,MLB
"Refsnyder, Rob","$507,500",2016,MLB
"Reimold, Nolan","$1,300,000",2016,MLB
"Rendon, Anthony","$2,800,000",2016,MLB
"Revere, Ben","$6,250,000",2016,MLB
"Reyes, Jose","$22,000,000",2016,MLB
"Reynolds, Danny","$507,500",2016,MLB
"Reynolds, Mark","$2,600,000",2016,MLB
"Reynolds, Matt","$675,000",2016,MLB
"Reynolds, Matt","$507,500",2016,MLB
"Richard, Clayton",,2016,MLB
"Richards, Garrett","$6,425,000",2016,MLB
"Rickard, Joey","$507,500",2016,MLB
"Riefenhauser, C.J.","$507,500",2016,MLB
"Rivera, Rene","$1,700,000",2016,MLB
"Rivera, Yadiel","$507,500",2016,MLB
"Rivero, Felipe","$507,500",2016,MLB
"Rizzo, Anthony","$5,285,714",2016,MLB
"Roark, Tanner","$507,500",2016,MLB
"Robertson, David","$11,000,000",2016,MLB
"Robertson, Montreal","$507,500",2016,MLB
"Robinson, Clint","$507,500",2016,MLB
"Robles, Hansel","$507,500",2016,MLB
"Rodney, Fernando","$1,600,000",2016,MLB
"Rodon, Carlos","$507,500",2016,MLB
"Rodriguez, Alex","$21,000,000",2016,MLB
"Rodriguez, Eduardo","$507,500",2016,MLB
"Rodriguez, Fernando","$1,050,000",2016,MLB
"Rodriguez, Francisco","$7,500,000",2016,MLB
"Rodriguez, Paco","$507,500",2016,MLB
"Rodriguez, Sean","$2,500,000",2016,MLB
"Rodriguez, Yorman","$507,500",2016,MLB
"Roe, Chaz","$$$507,500",2016,MLB
"Rogers, Jason","$507,500",2016,MLB
"Rogers, Taylor","$507,500",2016,MLB
"Rojas, Miguel","$507,500",2016,MLB
"Rollins, David","$507,500",2016,MLB
"Romano, Sal","$507,500",2016,MLB
"Romero, Enny","$507,500",2016,MLB
"Romero, Stefen","$507,500",2016,MLB
"Romine, Andrew","$900,000",2016,MLB
"Romine, Austin","$507,500",2016,MLB
"Romo, Sergio","$9,000,000",2016,MLB
"Rondon, Bruce","$507,500",2016,MLB
"Rondon, Hector","$4,200,000",2016,MLB
"Rondon, Jose","$507,500",2016,MLB
"Rosario, Eddie","$507,500",2016,MLB
"Rosario, Randy","$507,500",2016,MLB
"Rosenthal, Trevor","$5,600,000",2016,MLB
"Ross, David","$2,500,000",2016,MLB
"Ross, Joe","$507,500",2016,MLB
"Ross, Robbie",$1250000,2016,MLB
"Ross, Tyson","$9,625,000",2016,MLB
"Rosscup, Zac","$507,500",2016,MLB
"Rowen, Ben","$507,500",2016,MLB
"Rua, Ryan","$507,500",2016,MLB
"Ruf, Darin","$507,500",2016,MLB
"Ruggiano, Justin","$1,650,000",2016,MLB
"Ruiz, Carlos",no salary data,2016,MLB
"Rumbelow, Nick","$507,500",2016,MLB
"Rupp, Cameron","$507,500",2016,MLB
"Rusin, Chris","$507,500",2016,MLB
"Russell, Addison","$507,500",2016,MLB
"Rutckyj, Evan","$507,500",2016,MLB
"Ryan, Kyle",$507500,2016,MLB
"Ryu, Hyun-Jin","$7,833,333",2016,MLB
"Rzepczynski, Marc","$2,950,000",2016,MLB
"Sabathia, CC","$25,000,000",2016,MLB
"Sadzeck, Connor","$507,500",2016,MLB
"Saladino, Tyler","$507,500",2016,MLB
"Salas, Fernando","$2,400,000",2016,MLB
"Salazar, Danny","$507,500",2016,MLB
"Sale, Chris","$9,150,000",2016,MLB
"Saltalamacchia, Jarrod","$507,500",2016,MLB
"Samardzija, Jeff","$10,800,000",2016,MLB
"Sampson, Keyvius","$507,500",2016,MLB
"Sanchez, Aaron","$507,500",2016,MLB
"Sanchez, Anibal","$16,800,000",2016,MLB
"Sanchez, Carlos","$507,500",2016,MLB
"Sanchez, Gary","$507,500",2016,MLB
"Sandoval, Pablo","$17,600,000",2016,MLB
"Sands, Jerry","$507,500",2016,MLB
"Sano, Miguel Jean","$507,500",2016,MLB
"Santana, Carlos","$8,450,000",2016,MLB
"Santana, Danny",no salary data,2016,MLB
"Santana, Domingo","$507,500",2016,MLB
"Santana, Ervin",no salary data,2016,MLB
"Santiago, Hector","$5,000,000",2016,MLB
"Sardinas, Luis","$507,500",2016,MLB
"Saunders, Michael","$2,900,000",2016,MLB
"Scahill, Rob","$507,500",2016,MLB
"Schebler, Scott","$507,500",2016,MLB
"Scheppers, Tanner","$900,000",2016,MLB
"Scherzer, Max","$22,142,857",2016,MLB
"Schoop, Jonathan","$507,500",2016,MLB
"Schultz, Bo","$507,500",2016,MLB
"Schwarber, Kyle",,2016,MLB
"Scribner, Evan","807,500",2016,MLB
"Seager, Corey","$507,500",2016,MLB
"Seager, Kyle","8,000,000",2016,MLB
"Segura, Jean","$2,600,000",2016,MLB
"Semien, Marcus","$507,500",2016,MLB
"Senzatela, Antonio","$507,500",2016,MLB
"Severino, Luis","$507,500",2016,MLB
"Severino, Pedro","$507,500",2016,MLB
"Shaffer, Richie","$507,500",2016,MLB
"Shaw, Bryan","$2,750,000",2016,MLB
"Shaw, Travis","$507,500",2016,MLB
"Shields, James","$21,000,000",2016,MLB
"Shoemaker, Matt","$507,500",2016,MLB
"Shreve, Chasen","$507,500",2016,MLB
"Shuck, J.B.","$507,500",2016,MLB
"Siegrist, Kevin","$507,500",2016,MLB
"Sierra, Yaisel","$2,000,000",2016,MLB
"Simmons, Andrelton","$$$6,142,857",2016,MLB
"Simmons, Shae","$507,500",2016,MLB
"Singleton, Jonathan",no salary data,2016,MLB
"Sipp, Tony","$$6,000,000",2016,MLB
"Skaggs, Tyler",no salary data,2016,MLB
"Skipworth, Kyle","$507,500",2016,MLB
"Smith, Blake","$507,500",2016,MLB
"Smith, Carson","507,500",2016,MLB
"Smith, Jake","$507,500",2016,MLB
"Smith, Joe","$5,250,000",2016,MLB
"Smith, Kevan","$507,500",2016,MLB
"Smith, Mallex","$507,500",2016,MLB
"Smith, Seth","$6,750,000",2016,MLB
"Smith, Will","$1,475,000",2016,MLB
"Smoak, Justin","$3,900,000",2016,MLB
"Smoker, Josh","$507,500",2016,MLB
"Smolinski, Jake","$507,500",2016,MLB
"Smyly, Drew","$3,750,000",2016,MLB
"Snell, Blake","$507,500",2016,MLB
"Socolovich, Miguel","$507,500",2016,MLB
"Sogard, Eric",$1500000,2016,MLB
"Solarte, Yangervis","$507,500",2016,MLB
"Soler, Jorge","$3,666,667",2016,MLB
"Solis, Sammy","$507,500",2016,MLB
"Soria, Joakim","$7,000,000",2016,MLB
"Soto, Geovany","$2,800,000",2016,MLB
"Soto, Giovanni","$507,500",2016,MLB
"Souza, Steven","$507,500",2016,MLB
"Span, Denard","$5,000,000",2016,MLB
"Spangenberg, Cory","$507,500",2016,MLB
"Springer, George","$$$507,500",2016,MLB
"Stanton, Giancarlo","$9,000,000",2016,MLB
"Starling, Bubba","$507,500",2016,MLB
"Stassi, Max","$507,500",2016,MLB
"Stephenson, Robert","$507,500",2016,MLB
"Stewart, Chris","$1,350,000",2016,MLB
"Storen, Drew","$8,375,000",2016,MLB
"Story, Trevor","$507,500",2016,MLB
"Strahm, Matt","$507,500",2016,MLB
"Straily, Dan","$507,500",2016,MLB
"Strasburg, Stephen","$$10,400,000",2016,MLB
"Stratton, Chris","$507,500",2016,MLB
"Street, Huston","$8,000,000",2016,MLB
"Strickland, Hunter","$507,500",2016,MLB
"Stripling, Ross","$507,500",2016,MLB
"Stroman, Marcus","$507,500",2016,MLB
"Strong, Michael","$507,500",2016,MLB
"Strop, Pedro","$4,400,000",2016,MLB
"Stumpf, Daniel","$507,500",2016,MLB
"Suarez, Eugenio","$507,500",2016,MLB
"Sucre, Jesus","$507,500",2016,MLB
"Susac, Andrew","$507,500",2016,MLB
"Suzuki, Ichiro","$2,000,000",2016,MLB
"Suzuki, Kurt","$6,000,000",2016,MLB
"Sweeney, Darnell","$507,500",2016,MLB
"Swihart, Blake","$507,500",2016,MLB
"Swisher, Nick","$15,000,000",2016,MLB
"Syndergaard, Noah","$507,500",2016,MLB
"Szczur, Matt","$507,500",2016,MLB
"Taillon, Jameson","$507,500",2016,MLB
"Tanaka, Masahiro","$22,000,000",2016,MLB
"Tapia, Raimel","$507,500",2016,MLB
"Taylor, Chris","$507,500",2016,MLB
"Taylor, Michael","$507,500",2016,MLB
"Tazawa, Junichi","$3,375,000",2016,MLB
"Teheran, Julio","$3,466,666",2016,MLB
"Teixeira, Mark","$23,125,000",2016,MLB
"Tejada, Ruben","$3,000,000",2016,MLB
"Telis, Tomas","$507,500",2016,MLB
"Tepera, Ryan","$507,500",2016,MLB
"Thole, Josh","$800,000",2016,MLB
"Thomas, Ian","$507,500",2016,MLB
"Thompson, Trayce","507,500",2016,MLB
"Thornburg, Tyler","$507,500",2016,MLB
"Tillman, Chris","$6,225,000",2016,MLB
"Tilson, Charlie","$507,500",2016,MLB
"Tolleson, Shawn","$3,275,000",2016,MLB
"Tomas, Yasmany","$7,500,000",2016,MLB
"Tomlin, Josh","$2,250,000",2016,MLB
"Tomlinson, Kelby","$507,500",2016,MLB
"Tonkin, Michael","$507,500",2016,MLB
"Torres, Jose","$507,500",2016,MLB
"Torres, Ramon","$507,500",2016,MLB
"Torreyes, Ronnie","$$$507,500",2016,MLB
"Travis, Devon","$507,500",2016,MLB
"Treinen, Blake","$507,500",2016,MLB
"Triggs, Andrew",,2016,MLB
"Tropeano, Nick","$507,500",2016,MLB
"Trout, Mike","$16,083,333",2016,MLB
"Trumbo, Mark","$9,150,000",2016,MLB
"Tucker, Preston",no salary data,2016,MLB
"Tuivailala, Sam","$507,500",2016,MLB
"Tulowitzki, Troy","$20,000,000",2016,MLB
"Turner, Jacob","$1,500,000",2016,MLB
"Turner, Justin","$5,100,000",2016,MLB
"Turner, Trea","$507,500",2016,MLB
"Uehara, Koji","$9,000,000",2016,MLB
"Upton, Justin","$22,125,000",2016,MLB
"Upton, Melvin Jr.","$16,050,000",2016,MLB
"Urena, Jose","$507,500",2016,MLB
"Uribe, Juan","$4,000,000",2016,MLB
"Urrutia, Henry","$507,500",2016,MLB
"Urshela, Giovanny","$507,500",2016,MLB
"Utley, Chase","7,000,000",2016,MLB
"Valbuena, Luis","$6,125,000",2016,MLB
"Valdez, Jose","$507,500",2016,MLB
"Valencia, Danny","$3,150,000",2016,MLB
"Van Slyke, Scott","$1,225,000",2016,MLB
"Vargas, Cesar","$507,500",2016,MLB
"Vargas, Jason","$8,500,000",2016,MLB
"Vargas, Kennys","$507,500",2016,MLB
"Vazquez, Christian","$507,500",2016,MLB
"Velasquez, Vincent","$507,500",2016,MLB
"Venditte, Pat","$507,500",2016,MLB
"Ventura, Yordano","$1,200,000",2016,MLB
"VerHagen, Drew","$507,500",2016,MLB
"Verlander, Justin","$28,000,000",2016,MLB
"Verrett, Logan","$507,500",2016,MLB
"Villanueva, Carlos","$1,500,000",2016,MLB
"Villanueva, Christian","$507,500",2016,MLB
"Villar, Jonathan","$507,500",2016,MLB
"Vincent, Nick",no salary data,2016,MLB
"Vizcaino, Arodys","$897,500",2016,MLB
"Vogelbach, Dan",$507500,2016,MLB
"Vogelsong, Ryan","$2,000,000",2016,MLB
"Vogt, Stephen","$507,500",2016,MLB
"Volquez, Edinson","$9,500,000",2016,MLB
"Votto, Joey","$20,000,000",2016,MLB
"Wacha, Michael","$507,500",2016,MLB
"Wagner, Tyler","$507,500",2016,MLB
"Wainwright, Adam",,2016,MLB
"Walden, Jordan","$3,675,000",2016,MLB
"Waldrop, Kyle","$507,500",2016,MLB
"Walker, Adam","$507,500",2016,MLB
"Walker, Christian","$507,500",2016,MLB
"Walker, Neil","$10,550,000",2016,MLB
"Walker, Taijuan","$507,500",2016,MLB
"Wallace, Brett","$1,000,000",2016,MLB
"Walsh, Colin","$507,500",2016,MLB
"Walters, Jeff","$507,500",2016,MLB
"Walters, Zach","$507,500",2016,MLB
"Warren, Adam","$1,700,000",2016,MLB
"Watson, Tony","$3,450,000",2016,MLB
"Weaver, Jered","$20,200,000",2016,MLB
"Webb, Daniel","$507,500",2016,MLB
"Webb, Ryan","$1,000,000",2016,MLB
"Weber, Ryan","$507,500",2016,MLB
"Wendelken, J.B.","$507,500",2016,MLB
"Wendle, Joey","$507,500",2016,MLB
"Werth, Jayson","$21,571,429",2016,MLB
"Wheeler, Zack","$507,500",2016,MLB
"Whitley, Chase","$507,500",2016,MLB
"Wieland, Joe","$590,000",2016,MLB
"Wieters, Matt","$15,800,000",2016,MLB
"Wilhelmsen, Tom","$3,100,000",2016,MLB
"Wilkins, Andy",no salary data,2016,MLB
"Williams, Mason","$507,500",2016,MLB
"Williamson, Mac","$507,500",2016,MLB
"Wilson, Alex","$$507,500",2016,MLB
"Wilson, C.J.","$20,500,000",2016,MLB
"Wilson, Justin","$1,525,000",2016,MLB
"Wilson, Tyler","$507,500",2016,MLB
"Winkler, Daniel","$507,500",2016,MLB
"Wisler, Matt","$$$507,500",2016,MLB
"Withrow, Chris","$610,000",2016,MLB
"Wittgren, Nick","$507,500",2016,MLB
"Wojciechowski, Asher","$507,500",2016,MLB
"Wolters, Tony","$507,500",2016,MLB
"Wong, Kolten","$1,250,000",2016,MLB
"Wood, Alex","$507,500",2016,MLB
"Wood, Blake","$507,500",2016,MLB
"Wood, Travis","$6,170,000",2016,MLB
"Workman, Brandon","$507,500",2016,MLB
"Worley, Vance",no salary data,2016,MLB
"Wright, David","$20,000,000",2016,MLB
"Wright, Mike","$507,500",2016,MLB
"Wright, Steve","$507,500",2016,MLB
"Yates, Kirby","$507,500",2016,MLB
"Yelich, Christian","$1,000,000",2016,MLB
"Ynoa, Gabriel","$507,500",2016,MLB
"Ynoa, Michael","$507,500",2016,MLB
"Ynoa, Rafael","$507,500",2016,MLB
"Young, Chris","$6,500,000",2016,MLB
"Young, Chris","$4,250,000",2016,MLB
"Ziegler, Brad","$5,500,000",2016,MLB
"Zimmer, Kyle","$507,500",2016,MLB
"Zimmerman, Ryan","$14,000,000",2016,MLB
"Zimmermann, Jordan","$18,000,000",2016,MLB
"Zobrist, Ben",no salary data,2016,MLB
"Zunino, Mike","$507,500",2016,MLB
"Zych, Tony","$507,500",2016,MLB
